,State,Year,Deaths,Population,Crude Rate
,Alabama,1999,554,4430141,12.5
,Alabama,2000,582,4447100,13.1
,Alabama,2001,512,4467634,11.5
,Alabama,2002,513,4480089,11.5
,Alabama,2003,520,4503491,11.5
,Alabama,2004,541,4530729,11.9
,Alabama,2005,535,4569805,11.7
,Alabama,2006,579,4628981,12.5
,Alabama,2007,592,4672840,12.7
,Alabama,2008,602,4718206,12.8
,Alabama,2009,673,4757938,14.1
,Alabama,2010,679,4779736,14.2
,Alabama,2011,654,4802740,13.6
,Alabama,2012,724,4822023,15
,Alabama,2013,720,4833722,14.9
,Alabama,2014,714,4849377,14.7
,Alabama,2015,750,4858979,15.4
,Alabama,2016,788,4863300,16.2
,Alabama,2017,835,4874747,17.1
,Alabama,2018,823,4887871,16.8
,Alabama,2019,804,4903185,16.4
,Alabama,2020,793,4921532,16.1
,Alaska,1999,96,624779,15.4
,Alaska,2000,137,626932,21.9
,Alaska,2001,101,633714,15.9
,Alaska,2002,132,642337,20.5
,Alaska,2003,124,648414,19.1
,Alaska,2004,155,659286,23.5
,Alaska,2005,131,666946,19.6
,Alaska,2006,135,675302,20
,Alaska,2007,149,680300,21.9
,Alaska,2008,169,687455,24.6
,Alaska,2009,143,698895,20.5
,Alaska,2010,164,710231,23.1
,Alaska,2011,143,722718,19.8
,Alaska,2012,168,731449,23
,Alaska,2013,170,735132,23.1
,Alaska,2014,167,736732,22.7
,Alaska,2015,201,738432,27.2
,Alaska,2016,193,741894,26
,Alaska,2017,200,739795,27
,Alaska,2018,184,737438,25
,Alaska,2019,210,731545,28.7
,Alaska,2020,204,731158,27.9
,Arizona,1999,766,5023823,15.2
,Arizona,2000,783,5130632,15.3
,Arizona,2001,762,5273477,14.4
,Arizona,2002,884,5396255,16.4
,Arizona,2003,840,5510364,15.2
,Arizona,2004,879,5652404,15.6
,Arizona,2005,944,5839077,16.2
,Arizona,2006,976,6029141,16.2
,Arizona,2007,1015,6167681,16.5
,Arizona,2008,972,6280362,15.5
,Arizona,2009,1058,6343154,16.7
,Arizona,2010,1092,6392017,17.1
,Arizona,2011,1160,6482505,17.9
,Arizona,2012,1151,6553255,17.6
,Arizona,2013,1162,6626624,17.5
,Arizona,2014,1241,6731484,18.4
,Arizona,2015,1276,6828065,18.7
,Arizona,2016,1269,6931071,18.3
,Arizona,2017,1325,7016270,18.9
,Arizona,2018,1436,7171646,20
,Arizona,2019,1417,7278717,19.5
,Arizona,2020,1363,7421401,18.4
,Arkansas,1999,336,2651860,12.7
,Arkansas,2000,349,2673400,13.1
,Arkansas,2001,382,2691571,14.2
,Arkansas,2002,376,2705927,13.9
,Arkansas,2003,372,2724816,13.7
,Arkansas,2004,361,2749686,13.1
,Arkansas,2005,400,2781097,14.4
,Arkansas,2006,371,2821761,13.1
,Arkansas,2007,402,2848650,14.1
,Arkansas,2008,446,2874554,15.5
,Arkansas,2009,422,2896843,14.6
,Arkansas,2010,447,2915918,15.3
,Arkansas,2011,461,2937979,15.7
,Arkansas,2012,485,2949131,16.4
,Arkansas,2013,515,2959373,17.4
,Arkansas,2014,514,2966369,17.3
,Arkansas,2015,577,2978204,19.4
,Arkansas,2016,553,2988248,18.5
,Arkansas,2017,631,3004279,21
,Arkansas,2018,554,3013825,18.4
,Arkansas,2019,548,3017804,18.2
,Arkansas,2020,583,3030522,19.2
,California,1999,3069,33499204,9.2
,California,2000,2963,33871648,8.7
,California,2001,2819,34479458,8.2
,California,2002,3218,34871843,9.2
,California,2003,3391,35253159,9.6
,California,2004,3349,35574576,9.4
,California,2005,3195,35827943,8.9
,California,2006,3323,36021202,9.2
,California,2007,3586,36250311,9.9
,California,2008,3765,36604337,10.3
,California,2009,3810,36961229,10.3
,California,2010,3904,37253956,10.5
,California,2011,3990,37691912,10.6
,California,2012,3887,38041430,10.2
,California,2013,4012,38332521,10.5
,California,2014,4205,38802500,10.8
,California,2015,4165,39144818,10.6
,California,2016,4277,39250017,10.9
,California,2017,4300,39536653,10.9
,California,2018,4484,39557045,11.3
,California,2019,4430,39512223,11.2
,California,2020,4141,39368078,10.5
,Colorado,1999,574,4226018,13.6
,Colorado,2000,613,4301261,14.3
,Colorado,2001,722,4425687,16.3
,Colorado,2002,726,4490406,16.2
,Colorado,2003,728,4528732,16.1
,Colorado,2004,796,4575013,17.4
,Colorado,2005,799,4631888,17.2
,Colorado,2006,730,4720423,15.5
,Colorado,2007,811,4803868,16.9
,Colorado,2008,801,4889730,16.4
,Colorado,2009,941,4972195,18.9
,Colorado,2010,865,5029196,17.2
,Colorado,2011,910,5116796,17.8
,Colorado,2012,1049,5187582,20.2
,Colorado,2013,1007,5268367,19.1
,Colorado,2014,1080,5355866,20.2
,Colorado,2015,1093,5456574,20
,Colorado,2016,1167,5540545,21.1
,Colorado,2017,1178,5607154,21
,Colorado,2018,1282,5695564,22.5
,Colorado,2019,1311,5758736,22.8
,Colorado,2020,1300,5807719,22.4
,Connecticut,1999,274,3386401,8.1
,Connecticut,2000,304,3405565,8.9
,Connecticut,2001,282,3432835,8.2
,Connecticut,2002,260,3458749,7.5
,Connecticut,2003,272,3484336,7.8
,Connecticut,2004,293,3496094,8.4
,Connecticut,2005,293,3506956,8.4
,Connecticut,2006,291,3517460,8.3
,Connecticut,2007,270,3527270,7.7
,Connecticut,2008,314,3545579,8.9
,Connecticut,2009,316,3561807,8.9
,Connecticut,2010,353,3574097,9.9
,Connecticut,2011,370,3580709,10.3
,Connecticut,2012,367,3590347,10.2
,Connecticut,2013,330,3596080,9.2
,Connecticut,2014,378,3596677,10.5
,Connecticut,2015,384,3590886,10.7
,Connecticut,2016,396,3576452,11.1
,Connecticut,2017,405,3588184,11.3
,Connecticut,2018,419,3572665,11.7
,Connecticut,2019,435,3565287,12.2
,Connecticut,2020,364,3557006,10.2
,Delaware,1999,86,774990,11.1
,Delaware,2000,82,783600,10.5
,Delaware,2001,107,795699,13.4
,Delaware,2002,74,806169,9.2
,Delaware,2003,94,818003,11.5
,Delaware,2004,93,830803,11.2
,Delaware,2005,83,845150,9.8
,Delaware,2006,90,859268,10.5
,Delaware,2007,95,871749,10.9
,Delaware,2008,109,883874,12.3
,Delaware,2009,107,891730,12
,Delaware,2010,106,897934,11.8
,Delaware,2011,105,907135,11.6
,Delaware,2012,125,917092,13.6
,Delaware,2013,122,925749,13.2
,Delaware,2014,126,935614,13.5
,Delaware,2015,122,945934,12.9
,Delaware,2016,119,952065,12.5
,Delaware,2017,112,961939,11.6
,Delaware,2018,113,967171,11.7
,Delaware,2019,111,973764,11.4
,Delaware,2020,124,986809,12.6
,District of Columbia,1999,30,570213,5.3
,District of Columbia,2000,23,572059,4
,District of Columbia,2001,40,574504,7
,District of Columbia,2002,31,573158,5.4
,District of Columbia,2003,36,568502,6.3
,District of Columbia,2004,33,567754,5.8
,District of Columbia,2005,32,567136,5.6
,District of Columbia,2006,30,570681,5.3
,District of Columbia,2007,35,574404,6.1
,District of Columbia,2008,43,580236,7.4
,District of Columbia,2009,29,592228,4.9
,District of Columbia,2010,41,601723,6.8
,District of Columbia,2011,37,617996,6
,District of Columbia,2012,37,632323,5.9
,District of Columbia,2013,38,646449,5.9
,District of Columbia,2014,52,658893,7.9
,District of Columbia,2015,34,672228,5.1
,District of Columbia,2016,40,681170,5.9
,District of Columbia,2017,47,693972,6.8
,District of Columbia,2018,54,702455,7.7
,District of Columbia,2019,44,705749,6.2
,District of Columbia,2020,38,712816,5.3
,Florida,1999,2027,15759421,12.9
,Florida,2000,2086,15982378,13.1
,Florida,2001,2309,16356966,14.1
,Florida,2002,2334,16689370,14
,Florida,2003,2292,17004085,13.5
,Florida,2004,2384,17415318,13.7
,Florida,2005,2338,17842038,13.1
,Florida,2006,2426,18166990,13.4
,Florida,2007,2583,18367842,14.1
,Florida,2008,2737,18527305,14.8
,Florida,2009,2852,18652644,15.3
,Florida,2010,2786,18801310,14.8
,Florida,2011,2876,19057542,15.1
,Florida,2012,2998,19317568,15.5
,Florida,2013,2918,19552860,14.9
,Florida,2014,3029,19893297,15.2
,Florida,2015,3200,20271272,15.8
,Florida,2016,3137,20612439,15.2
,Florida,2017,3219,20984400,15.3
,Florida,2018,3564,21299325,16.7
,Florida,2019,3462,21477737,16.1
,Florida,2020,3127,21733312,14.4
,Georgia,1999,872,8045965,10.8
,Georgia,2000,846,8186453,10.3
,Georgia,2001,931,8377038,11.1
,Georgia,2002,903,8508256,10.6
,Georgia,2003,963,8622793,11.2
,Georgia,2004,966,8769252,11
,Georgia,2005,924,8925922,10.4
,Georgia,2006,921,9155813,10.1
,Georgia,2007,996,9349988,10.7
,Georgia,2008,980,9504843,10.3
,Georgia,2009,1132,9620846,11.8
,Georgia,2010,1129,9687653,11.7
,Georgia,2011,1157,9815210,11.8
,Georgia,2012,1165,9919945,11.7
,Georgia,2013,1203,9992167,12
,Georgia,2014,1292,10097343,12.8
,Georgia,2015,1317,10214860,12.9
,Georgia,2016,1403,10310371,13.6
,Georgia,2017,1450,10429379,13.9
,Georgia,2018,1569,10519475,14.9
,Georgia,2019,1584,10617423,14.9
,Georgia,2020,1490,10710017,13.9
,Hawaii,1999,136,1210300,11.2
,Hawaii,2000,137,1211537,11.3
,Hawaii,2001,136,1225948,11.1
,Hawaii,2002,120,1239613,9.7
,Hawaii,2003,130,1251154,10.4
,Hawaii,2004,116,1273569,9.1
,Hawaii,2005,107,1292729,8.3
,Hawaii,2006,120,1309731,9.2
,Hawaii,2007,133,1315675,10.1
,Hawaii,2008,133,1332213,10
,Hawaii,2009,174,1346717,12.9
,Hawaii,2010,207,1360301,15.2
,Hawaii,2011,180,1374810,13.1
,Hawaii,2012,190,1392313,13.6
,Hawaii,2013,171,1404054,12.2
,Hawaii,2014,204,1419561,14.4
,Hawaii,2015,201,1431603,14
,Hawaii,2016,174,1428557,12.2
,Hawaii,2017,227,1427538,15.9
,Hawaii,2018,176,1420491,12.4
,Hawaii,2019,224,1415872,15.8
,Hawaii,2020,183,1407006,13
,Idaho,1999,181,1275674,14.2
,Idaho,2000,166,1293953,12.8
,Idaho,2001,209,1319962,15.8
,Idaho,2002,202,1340372,15.1
,Idaho,2003,216,1363380,15.8
,Idaho,2004,236,1391802,17
,Idaho,2005,228,1428241,16
,Idaho,2006,222,1468669,15.1
,Idaho,2007,223,1505105,14.8
,Idaho,2008,252,1534320,16.4
,Idaho,2009,304,1554439,19.6
,Idaho,2010,290,1567582,18.5
,Idaho,2011,281,1584985,17.7
,Idaho,2012,297,1595728,18.6
,Idaho,2013,308,1612136,19.1
,Idaho,2014,320,1634464,19.6
,Idaho,2015,359,1654930,21.7
,Idaho,2016,351,1683140,20.9
,Idaho,2017,392,1716943,22.8
,Idaho,2018,417,1754208,23.8
,Idaho,2019,365,1787065,20.4
,Idaho,2020,419,1826913,22.9
,Illinois,1999,1020,12359020,8.3
,Illinois,2000,1002,12419293,8.1
,Illinois,2001,1138,12488445,9.1
,Illinois,2002,1140,12525556,9.1
,Illinois,2003,1007,12556006,8
,Illinois,2004,1026,12589773,8.1
,Illinois,2005,1084,12609903,8.6
,Illinois,2006,1008,12643955,8
,Illinois,2007,1106,12695866,8.7
,Illinois,2008,1197,12747038,9.4
,Illinois,2009,1176,12796778,9.2
,Illinois,2010,1177,12830632,9.2
,Illinois,2011,1221,12869257,9.5
,Illinois,2012,1291,12875255,10
,Illinois,2013,1319,12882135,10.2
,Illinois,2014,1396,12880580,10.8
,Illinois,2015,1361,12859995,10.6
,Illinois,2016,1413,12801539,11
,Illinois,2017,1472,12802023,11.5
,Illinois,2018,1487,12741080,11.7
,Illinois,2019,1438,12671821,11.3
,Illinois,2020,1361,12587530,10.8
,Indiana,1999,628,6044969,10.4
,Indiana,2000,682,6080485,11.2
,Indiana,2001,715,6127760,11.7
,Indiana,2002,743,6155967,12.1
,Indiana,2003,736,6196638,11.9
,Indiana,2004,703,6233007,11.3
,Indiana,2005,745,6278616,11.9
,Indiana,2006,822,6332669,13
,Indiana,2007,790,6379599,12.4
,Indiana,2008,809,6424806,12.6
,Indiana,2009,826,6459325,12.8
,Indiana,2010,864,6483802,13.3
,Indiana,2011,878,6516922,13.5
,Indiana,2012,940,6537334,14.4
,Indiana,2013,943,6570902,14.4
,Indiana,2014,947,6596855,14.4
,Indiana,2015,959,6619680,14.5
,Indiana,2016,1033,6633053,15.6
,Indiana,2017,1092,6666818,16.4
,Indiana,2018,1079,6691878,16.1
,Indiana,2019,972,6732219,14.4
,Indiana,2020,1024,6754953,15.2
,Iowa,1999,305,2917634,10.5
,Iowa,2000,289,2926324,9.9
,Iowa,2001,303,2931997,10.3
,Iowa,2002,314,2934234,10.7
,Iowa,2003,352,2941999,12
,Iowa,2004,343,2953635,11.6
,Iowa,2005,332,2964454,11.2
,Iowa,2006,334,2982644,11.2
,Iowa,2007,322,2999212,10.7
,Iowa,2008,380,3016734,12.6
,Iowa,2009,361,3032870,11.9
,Iowa,2010,371,3046355,12.2
,Iowa,2011,422,3062309,13.8
,Iowa,2012,383,3074186,12.5
,Iowa,2013,447,3090416,14.5
,Iowa,2014,407,3107126,13.1
,Iowa,2015,432,3123899,13.8
,Iowa,2016,450,3134693,14.4
,Iowa,2017,478,3145711,15.2
,Iowa,2018,490,3156145,15.5
,Iowa,2019,527,3155070,16.7
,Iowa,2020,552,3163561,17.4
,Kansas,1999,299,2678338,11.2
,Kansas,2000,325,2688418,12.1
,Kansas,2001,292,2702162,10.8
,Kansas,2002,344,2713535,12.7
,Kansas,2003,347,2723004,12.7
,Kansas,2004,370,2734373,13.5
,Kansas,2005,361,2745299,13.1
,Kansas,2006,379,2762931,13.7
,Kansas,2007,382,2783785,13.7
,Kansas,2008,337,2808076,12
,Kansas,2009,381,2832704,13.5
,Kansas,2010,401,2853118,14.1
,Kansas,2011,394,2871238,13.7
,Kansas,2012,502,2885905,17.4
,Kansas,2013,424,2893957,14.7
,Kansas,2014,455,2904021,15.7
,Kansas,2015,477,2911641,16.4
,Kansas,2016,514,2907289,17.7
,Kansas,2017,552,2913123,18.9
,Kansas,2018,556,2911505,19.1
,Kansas,2019,523,2913314,18
,Kansas,2020,530,2913805,18.2
,Kentucky,1999,470,4018053,11.7
,Kentucky,2000,520,4041769,12.9
,Kentucky,2001,492,4068132,12.1
,Kentucky,2002,539,4089875,13.2
,Kentucky,2003,567,4117170,13.8
,Kentucky,2004,560,4146101,13.5
,Kentucky,2005,566,4182742,13.5
,Kentucky,2006,619,4219239,14.7
,Kentucky,2007,649,4256672,15.2
,Kentucky,2008,611,4289878,14.2
,Kentucky,2009,592,4317074,13.7
,Kentucky,2010,631,4339367,14.5
,Kentucky,2011,675,4369356,15.4
,Kentucky,2012,722,4380415,16.5
,Kentucky,2013,698,4395295,15.9
,Kentucky,2014,728,4413457,16.5
,Kentucky,2015,775,4425092,17.5
,Kentucky,2016,756,4436974,17
,Kentucky,2017,766,4454189,17.2
,Kentucky,2018,800,4468402,17.9
,Kentucky,2019,756,4467673,16.9
,Kentucky,2020,801,4477251,17.9
,Louisiana,1999,518,4460811,11.6
,Louisiana,2000,467,4468976,10.4
,Louisiana,2001,491,4477875,11
,Louisiana,2002,497,4497267,11.1
,Louisiana,2003,460,4521042,10.2
,Louisiana,2004,537,4552238,11.8
,Louisiana,2005,505,4576628,11
,Louisiana,2006,490,4302665,11.4
,Louisiana,2007,521,4375581,11.9
,Louisiana,2008,531,4435586,12
,Louisiana,2009,490,4491648,10.9
,Louisiana,2010,557,4533372,12.3
,Louisiana,2011,571,4574836,12.5
,Louisiana,2012,567,4601893,12.3
,Louisiana,2013,581,4625470,12.6
,Louisiana,2014,678,4649676,14.6
,Louisiana,2015,721,4670724,15.4
,Louisiana,2016,676,4681666,14.4
,Louisiana,2017,720,4684333,15.4
,Louisiana,2018,719,4659978,15.4
,Louisiana,2019,704,4648794,15.1
,Louisiana,2020,641,4645318,13.8
,Maine,1999,175,1266808,13.8
,Maine,2000,154,1274923,12.1
,Maine,2001,160,1285692,12.4
,Maine,2002,166,1295960,12.8
,Maine,2003,137,1306513,10.5
,Maine,2004,171,1313688,13
,Maine,2005,175,1318787,13.3
,Maine,2006,158,1323619,11.9
,Maine,2007,190,1327040,14.3
,Maine,2008,181,1330509,13.6
,Maine,2009,197,1329590,14.8
,Maine,2010,186,1328361,14
,Maine,2011,233,1328188,17.5
,Maine,2012,209,1329192,15.7
,Maine,2013,245,1328302,18.4
,Maine,2014,220,1330089,16.5
,Maine,2015,235,1329328,17.7
,Maine,2016,225,1331479,16.9
,Maine,2017,274,1335907,20.5
,Maine,2018,270,1338404,20.2
,Maine,2019,275,1344212,20.5
,Maine,2020,234,1350141,17.3
,Maryland,1999,433,5254509,8.2
,Maryland,2000,474,5296486,8.9
,Maryland,2001,452,5374691,8.4
,Maryland,2002,477,5440389,8.8
,Maryland,2003,491,5496269,8.9
,Maryland,2004,497,5546935,9
,Maryland,2005,471,5592379,8.4
,Maryland,2006,493,5627367,8.8
,Maryland,2007,517,5653408,9.1
,Maryland,2008,503,5684965,8.8
,Maryland,2009,551,5730388,9.6
,Maryland,2010,502,5773552,8.7
,Maryland,2011,556,5828289,9.5
,Maryland,2012,582,5884563,9.9
,Maryland,2013,567,5928814,9.6
,Maryland,2014,605,5976407,10.1
,Maryland,2015,553,6006401,9.2
,Maryland,2016,585,6016447,9.7
,Maryland,2017,630,6052177,10.4
,Maryland,2018,650,6042718,10.8
,Maryland,2019,657,6045680,10.9
,Maryland,2020,585,6055802,9.7
,Massachusetts,1999,431,6317345,6.8
,Massachusetts,2000,385,6349097,6.1
,Massachusetts,2001,426,6397634,6.7
,Massachusetts,2002,436,6417206,6.8
,Massachusetts,2003,433,6422565,6.7
,Massachusetts,2004,423,6412281,6.6
,Massachusetts,2005,480,6403290,7.5
,Massachusetts,2006,449,6410084,7
,Massachusetts,2007,516,6431559,8
,Massachusetts,2008,508,6468967,7.9
,Massachusetts,2009,530,6517613,8.1
,Massachusetts,2010,597,6547629,9.1
,Massachusetts,2011,585,6587536,8.9
,Massachusetts,2012,602,6646144,9.1
,Massachusetts,2013,570,6692824,8.5
,Massachusetts,2014,596,6745408,8.8
,Massachusetts,2015,642,6794422,9.4
,Massachusetts,2016,630,6811779,9.2
,Massachusetts,2017,682,6859819,9.9
,Massachusetts,2018,739,6902149,10.7
,Massachusetts,2019,647,6892503,9.4
,Massachusetts,2020,616,6893574,8.9
,Michigan,1999,974,9897116,9.8
,Michigan,2000,974,9938444,9.8
,Michigan,2001,1049,9991120,10.5
,Michigan,2002,1106,10015710,11
,Michigan,2003,1027,10041152,10.2
,Michigan,2004,1097,10055315,10.9
,Michigan,2005,1108,10051137,11
,Michigan,2006,1137,10036081,11.3
,Michigan,2007,1129,10001284,11.3
,Michigan,2008,1179,9946889,11.9
,Michigan,2009,1169,9901591,11.8
,Michigan,2010,1262,9883640,12.8
,Michigan,2011,1221,9876187,12.4
,Michigan,2012,1258,9883360,12.7
,Michigan,2013,1293,9895622,13.1
,Michigan,2014,1352,9909877,13.6
,Michigan,2015,1408,9922576,14.2
,Michigan,2016,1362,9928300,13.7
,Michigan,2017,1456,9962311,14.6
,Michigan,2018,1547,9995915,15.5
,Michigan,2019,1472,9986857,14.7
,Michigan,2020,1443,9966555,14.5
,Minnesota,1999,437,4873481,9
,Minnesota,2000,440,4919479,8.9
,Minnesota,2001,478,4982796,9.6
,Minnesota,2002,494,5018935,9.8
,Minnesota,2003,497,5053572,9.8
,Minnesota,2004,522,5087713,10.3
,Minnesota,2005,546,5119598,10.7
,Minnesota,2006,554,5163555,10.7
,Minnesota,2007,572,5207203,11
,Minnesota,2008,595,5247018,11.3
,Minnesota,2009,583,5281203,11
,Minnesota,2010,603,5303925,11.4
,Minnesota,2011,681,5344861,12.7
,Minnesota,2012,655,5379139,12.2
,Minnesota,2013,676,5420380,12.5
,Minnesota,2014,686,5457173,12.6
,Minnesota,2015,729,5489594,13.3
,Minnesota,2016,745,5519952,13.5
,Minnesota,2017,778,5576606,14
,Minnesota,2018,738,5611179,13.2
,Minnesota,2019,829,5639632,14.7
,Minnesota,2020,758,5657342,13.4
,Mississippi,1999,304,2828408,10.7
,Mississippi,2000,293,2844658,10.3
,Mississippi,2001,328,2852994,11.5
,Mississippi,2002,343,2858681,12
,Mississippi,2003,336,2868312,11.7
,Mississippi,2004,350,2889010,12.1
,Mississippi,2005,362,2905943,12.5
,Mississippi,2006,325,2904978,11.2
,Mississippi,2007,395,2928350,13.5
,Mississippi,2008,409,2947806,13.9
,Mississippi,2009,381,2958774,12.9
,Mississippi,2010,388,2967297,13.1
,Mississippi,2011,389,2978512,13.1
,Mississippi,2012,410,2984926,13.7
,Mississippi,2013,388,2991207,13
,Mississippi,2014,380,2994079,12.7
,Mississippi,2015,429,2992333,14.3
,Mississippi,2016,383,2988726,12.8
,Mississippi,2017,443,2984100,14.8
,Mississippi,2018,421,2986530,14.1
,Mississippi,2019,436,2976149,14.6
,Mississippi,2020,408,2966786,13.8
,Missouri,1999,700,5561948,12.6
,Missouri,2000,699,5595211,12.5
,Missouri,2001,721,5641142,12.8
,Missouri,2002,691,5674825,12.2
,Missouri,2003,677,5709403,11.9
,Missouri,2004,712,5747741,12.4
,Missouri,2005,722,5790300,12.5
,Missouri,2006,796,5842704,13.6
,Missouri,2007,807,5887612,13.7
,Missouri,2008,778,5923916,13.1
,Missouri,2009,857,5961088,14.4
,Missouri,2010,856,5988927,14.3
,Missouri,2011,933,6010688,15.5
,Missouri,2012,913,6021988,15.2
,Missouri,2013,959,6044171,15.9
,Missouri,2014,1016,6063589,16.8
,Missouri,2015,1050,6083672,17.3
,Missouri,2016,1133,6093000,18.6
,Missouri,2017,1151,6113532,18.8
,Missouri,2018,1230,6126452,20.1
,Missouri,2019,1139,6137428,18.6
,Missouri,2020,1124,6151548,18.3
,Montana,1999,162,897507,18
,Montana,2000,158,902195,17.5
,Montana,2001,175,906961,19.3
,Montana,2002,184,911667,20.2
,Montana,2003,180,919630,19.6
,Montana,2004,175,930009,18.8
,Montana,2005,206,940102,21.9
,Montana,2006,189,952692,19.8
,Montana,2007,196,964706,20.3
,Montana,2008,203,976415,20.8
,Montana,2009,218,983982,22.2
,Montana,2010,225,989415,22.7
,Montana,2011,232,998199,23.2
,Montana,2012,233,1005141,23.2
,Montana,2013,243,1015165,23.9
,Montana,2014,250,1023579,24.4
,Montana,2015,271,1032949,26.2
,Montana,2016,267,1042520,25.6
,Montana,2017,311,1050493,29.6
,Montana,2018,265,1062305,24.9
,Montana,2019,289,1068778,27
,Montana,2020,300,1080577,27.8
,Nebraska,1999,177,1704764,10.4
,Nebraska,2000,193,1711263,11.3
,Nebraska,2001,187,1719836,10.9
,Nebraska,2002,201,1728292,11.6
,Nebraska,2003,176,1738643,10.1
,Nebraska,2004,166,1749370,9.5
,Nebraska,2005,187,1761497,10.6
,Nebraska,2006,202,1772693,11.4
,Nebraska,2007,181,1783440,10.1
,Nebraska,2008,190,1796378,10.6
,Nebraska,2009,170,1812683,9.4
,Nebraska,2010,192,1826341,10.5
,Nebraska,2011,192,1842641,10.4
,Nebraska,2012,231,1855525,12.4
,Nebraska,2013,220,1868516,11.8
,Nebraska,2014,251,1881503,13.3
,Nebraska,2015,223,1896190,11.8
,Nebraska,2016,246,1907116,12.9
,Nebraska,2017,275,1920076,14.3
,Nebraska,2018,271,1929268,14
,Nebraska,2019,309,1934408,16
,Nebraska,2020,283,1937552,14.6
,Nevada,1999,404,1934718,20.9
,Nevada,2000,400,1998257,20
,Nevada,2001,387,2098399,18.4
,Nevada,2002,423,2173791,19.5
,Nevada,2003,432,2248850,19.2
,Nevada,2004,440,2346222,18.8
,Nevada,2005,480,2432143,19.7
,Nevada,2006,485,2522658,19.2
,Nevada,2007,471,2601072,18.1
,Nevada,2008,526,2653630,19.8
,Nevada,2009,503,2684665,18.7
,Nevada,2010,546,2700551,20.2
,Nevada,2011,516,2723322,18.9
,Nevada,2012,524,2758931,19
,Nevada,2013,541,2790136,19.4
,Nevada,2014,572,2839099,20.1
,Nevada,2015,558,2890845,19.3
,Nevada,2016,650,2940058,22.1
,Nevada,2017,627,2998039,20.9
,Nevada,2018,657,3034392,21.7
,Nevada,2019,642,3080156,20.8
,Nevada,2020,602,3138259,19.2
,New Hampshire,1999,137,1222014,11.2
,New Hampshire,2000,130,1235786,10.5
,New Hampshire,2001,166,1255517,13.2
,New Hampshire,2002,132,1269089,10.4
,New Hampshire,2003,158,1279840,12.3
,New Hampshire,2004,133,1290121,10.3
,New Hampshire,2005,162,1298492,12.5
,New Hampshire,2006,151,1308389,11.5
,New Hampshire,2007,157,1312540,12
,New Hampshire,2008,179,1315906,13.6
,New Hampshire,2009,166,1316102,12.6
,New Hampshire,2010,196,1316470,14.9
,New Hampshire,2011,198,1318194,15
,New Hampshire,2012,201,1320718,15.2
,New Hampshire,2013,185,1323459,14
,New Hampshire,2014,247,1326813,18.6
,New Hampshire,2015,228,1330608,17.1
,New Hampshire,2016,244,1334795,18.3
,New Hampshire,2017,265,1342795,19.7
,New Hampshire,2018,279,1356458,20.6
,New Hampshire,2019,255,1359711,18.8
,New Hampshire,2020,234,1366275,17.1
,New Jersey,1999,563,8359592,6.7
,New Jersey,2000,559,8414350,6.6
,New Jersey,2001,588,8492671,6.9
,New Jersey,2002,553,8552643,6.5
,New Jersey,2003,587,8601402,6.8
,New Jersey,2004,596,8634561,6.9
,New Jersey,2005,535,8651974,6.2
,New Jersey,2006,583,8661679,6.7
,New Jersey,2007,592,8677885,6.8
,New Jersey,2008,612,8711090,7
,New Jersey,2009,554,8755602,6.3
,New Jersey,2010,719,8791894,8.2
,New Jersey,2011,687,8821155,7.8
,New Jersey,2012,678,8864590,7.6
,New Jersey,2013,754,8899339,8.5
,New Jersey,2014,786,8938175,8.8
,New Jersey,2015,787,8958013,8.8
,New Jersey,2016,685,8944469,7.7
,New Jersey,2017,795,9005644,8.8
,New Jersey,2018,778,8908520,8.7
,New Jersey,2019,762,8882190,8.6
,New Jersey,2020,679,8882371,7.6
,New Mexico,1999,318,1808082,17.6
,New Mexico,2000,327,1819046,18
,New Mexico,2001,361,1831690,19.7
,New Mexico,2002,349,1855309,18.8
,New Mexico,2003,341,1877574,18.2
,New Mexico,2004,355,1903808,18.6
,New Mexico,2005,340,1932274,17.6
,New Mexico,2006,352,1962137,17.9
,New Mexico,2007,401,1990070,20.2
,New Mexico,2008,417,2010662,20.7
,New Mexico,2009,375,2036802,18.4
,New Mexico,2010,412,2059179,20
,New Mexico,2011,417,2082224,20
,New Mexico,2012,441,2085538,21.1
,New Mexico,2013,428,2085287,20.5
,New Mexico,2014,449,2085572,21.5
,New Mexico,2015,500,2085109,24
,New Mexico,2016,471,2081015,22.6
,New Mexico,2017,491,2088070,23.5
,New Mexico,2018,535,2095428,25.5
,New Mexico,2019,513,2096829,24.5
,New Mexico,2020,515,2106319,24.5
,New York,1999,1195,18882725,6.3
,New York,2000,1131,18976457,6
,New York,2001,1251,19082838,6.6
,New York,2002,1227,19137800,6.4
,New York,2003,1166,19175939,6.1
,New York,2004,1181,19171567,6.2
,New York,2005,1187,19132610,6.2
,New York,2006,1325,19104631,6.9
,New York,2007,1393,19132335,7.3
,New York,2008,1405,19212436,7.3
,New York,2009,1414,19307066,7.3
,New York,2010,1545,19378102,8
,New York,2011,1649,19465197,8.5
,New York,2012,1704,19570261,8.7
,New York,2013,1684,19651127,8.6
,New York,2014,1694,19746227,8.6
,New York,2015,1650,19795791,8.3
,New York,2016,1675,19745289,8.5
,New York,2017,1696,19849399,8.5
,New York,2018,1720,19542209,8.8
,New York,2019,1704,19453561,8.8
,New York,2020,1641,19336776,8.5
,North Carolina,1999,884,7949361,11.1
,North Carolina,2000,971,8049313,12.1
,North Carolina,2001,997,8210122,12.1
,North Carolina,2002,986,8326201,11.8
,North Carolina,2003,953,8422501,11.3
,North Carolina,2004,1025,8553152,12
,North Carolina,2005,1008,8705407,11.6
,North Carolina,2006,1098,8917270,12.3
,North Carolina,2007,1074,9118037,11.8
,North Carolina,2008,1160,9309449,12.5
,North Carolina,2009,1173,9449566,12.4
,North Carolina,2010,1172,9535483,12.3
,North Carolina,2011,1213,9656401,12.6
,North Carolina,2012,1283,9752073,13.2
,North Carolina,2013,1279,9848060,13
,North Carolina,2014,1352,9943964,13.6
,North Carolina,2015,1403,10042802,14
,North Carolina,2016,1370,10146788,13.5
,North Carolina,2017,1521,10273419,14.8
,North Carolina,2018,1494,10383620,14.4
,North Carolina,2019,1357,10488084,12.9
,North Carolina,2020,1441,10600823,13.6
,North Dakota,1999,73,644259,11.3
,North Dakota,2000,68,642200,10.6
,North Dakota,2001,79,639062,12.4
,North Dakota,2002,91,638168,14.3
,North Dakota,2003,81,638817,12.7
,North Dakota,2004,73,644705,11.3
,North Dakota,2005,92,646089,14.2
,North Dakota,2006,90,649422,13.9
,North Dakota,2007,95,652822,14.6
,North Dakota,2008,86,657569,13.1
,North Dakota,2009,90,664968,13.5
,North Dakota,2010,106,672591,15.8
,North Dakota,2011,101,683932,14.8
,North Dakota,2012,105,699628,15
,North Dakota,2013,128,723393,17.7
,North Dakota,2014,137,739482,18.5
,North Dakota,2015,124,756927,16.4
,North Dakota,2016,140,757952,18.5
,North Dakota,2017,154,755393,20.4
,North Dakota,2018,146,760077,19.2
,North Dakota,2019,136,762062,17.8
,North Dakota,2020,135,765309,17.6
,Ohio,1999,1102,11335454,9.7
,Ohio,2000,1087,11353140,9.6
,Ohio,2001,1218,11387404,10.7
,Ohio,2002,1285,11407889,11.3
,Ohio,2003,1072,11434788,9.4
,Ohio,2004,1316,11452251,11.5
,Ohio,2005,1340,11463320,11.7
,Ohio,2006,1319,11481213,11.5
,Ohio,2007,1293,11500468,11.2
,Ohio,2008,1410,11515391,12.2
,Ohio,2009,1174,11528896,10.2
,Ohio,2010,1436,11536504,12.4
,Ohio,2011,1462,11544951,12.7
,Ohio,2012,1537,11544225,13.3
,Ohio,2013,1525,11570808,13.2
,Ohio,2014,1491,11594163,12.9
,Ohio,2015,1649,11613423,14.2
,Ohio,2016,1705,11614373,14.7
,Ohio,2017,1738,11658609,14.9
,Ohio,2018,1835,11689442,15.7
,Ohio,2019,1805,11689100,15.4
,Ohio,2020,1641,11693217,14
,Oklahoma,1999,492,3437147,14.3
,Oklahoma,2000,497,3450654,14.4
,Oklahoma,2001,515,3467100,14.9
,Oklahoma,2002,501,3489080,14.4
,Oklahoma,2003,475,3504892,13.6
,Oklahoma,2004,505,3525233,14.3
,Oklahoma,2005,513,3548597,14.5
,Oklahoma,2006,535,3594090,14.9
,Oklahoma,2007,530,3634349,14.6
,Oklahoma,2008,574,3668976,15.6
,Oklahoma,2009,566,3717572,15.2
,Oklahoma,2010,617,3751351,16.4
,Oklahoma,2011,691,3791508,18.2
,Oklahoma,2012,667,3814820,17.5
,Oklahoma,2013,665,3850568,17.3
,Oklahoma,2014,733,3878051,18.9
,Oklahoma,2015,790,3911338,20.2
,Oklahoma,2016,821,3923561,20.9
,Oklahoma,2017,756,3930864,19.2
,Oklahoma,2018,790,3943079,20
,Oklahoma,2019,816,3956971,20.6
,Oklahoma,2020,869,3980783,21.8
,Oregon,1999,477,3393941,14.1
,Oregon,2000,493,3421399,14.4
,Oregon,2001,503,3467937,14.5
,Oregon,2002,517,3513424,14.7
,Oregon,2003,591,3547376,16.7
,Oregon,2004,554,3569463,15.5
,Oregon,2005,559,3613202,15.5
,Oregon,2006,576,3670883,15.7
,Oregon,2007,590,3722417,15.8
,Oregon,2008,571,3768748,15.2
,Oregon,2009,642,3808600,16.9
,Oregon,2010,684,3831074,17.9
,Oregon,2011,654,3871859,16.9
,Oregon,2012,723,3899353,18.5
,Oregon,2013,695,3930065,17.7
,Oregon,2014,781,3970239,19.7
,Oregon,2015,760,4028977,18.9
,Oregon,2016,771,4093465,18.8
,Oregon,2017,824,4142776,19.9
,Oregon,2018,844,4190713,20.1
,Oregon,2019,906,4217737,21.5
,Oregon,2020,831,4241507,19.6
,Pennsylvania,1999,1284,12263805,10.5
,Pennsylvania,2000,1356,12281054,11
,Pennsylvania,2001,1270,12298970,10.3
,Pennsylvania,2002,1336,12331031,10.8
,Pennsylvania,2003,1338,12374658,10.8
,Pennsylvania,2004,1410,12410722,11.4
,Pennsylvania,2005,1426,12449990,11.5
,Pennsylvania,2006,1390,12510809,11.1
,Pennsylvania,2007,1435,12563937,11.4
,Pennsylvania,2008,1536,12612285,12.2
,Pennsylvania,2009,1628,12666858,12.9
,Pennsylvania,2010,1574,12702379,12.4
,Pennsylvania,2011,1745,12742886,13.7
,Pennsylvania,2012,1646,12763536,12.9
,Pennsylvania,2013,1786,12773801,14
,Pennsylvania,2014,1812,12787209,14.2
,Pennsylvania,2015,1894,12802503,14.8
,Pennsylvania,2016,1967,12784227,15.4
,Pennsylvania,2017,2029,12805537,15.8
,Pennsylvania,2018,2014,12807060,15.7
,Pennsylvania,2019,1894,12801989,14.8
,Pennsylvania,2020,1694,12783254,13.3
,Rhode Island,1999,96,1040402,9.2
,Rhode Island,2000,75,1048319,7.2
,Rhode Island,2001,87,1057142,8.2
,Rhode Island,2002,86,1065995,8.1
,Rhode Island,2003,84,1071342,7.8
,Rhode Island,2004,84,1074579,7.8
,Rhode Island,2005,70,1067916,6.6
,Rhode Island,2006,90,1063096,8.5
,Rhode Island,2007,96,1057315,9.1
,Rhode Island,2008,110,1055003,10.4
,Rhode Island,2009,117,1053646,11.1
,Rhode Island,2010,128,1052567,12.2
,Rhode Island,2011,100,1051302,9.5
,Rhode Island,2012,105,1050292,10
,Rhode Island,2013,132,1051511,12.6
,Rhode Island,2014,111,1055173,10.5
,Rhode Island,2015,126,1056298,11.9
,Rhode Island,2016,126,1056426,11.9
,Rhode Island,2017,129,1059639,12.2
,Rhode Island,2018,106,1057315,10
,Rhode Island,2019,123,1059361,11.6
,Rhode Island,2020,94,1057125,8.9
,South Carolina,1999,418,3974682,10.5
,South Carolina,2000,442,4012012,11
,South Carolina,2001,467,4064995,11.5
,South Carolina,2002,437,4107795,10.6
,South Carolina,2003,475,4150297,11.4
,South Carolina,2004,480,4210921,11.4
,South Carolina,2005,510,4270150,11.9
,South Carolina,2006,524,4357847,12
,South Carolina,2007,528,4444110,11.9
,South Carolina,2008,565,4528996,12.5
,South Carolina,2009,616,4589872,13.4
,South Carolina,2010,637,4625364,13.8
,South Carolina,2011,658,4679230,14.1
,South Carolina,2012,673,4723723,14.2
,South Carolina,2013,695,4774839,14.6
,South Carolina,2014,753,4832482,15.6
,South Carolina,2015,739,4896146,15.1
,South Carolina,2016,815,4961119,16.4
,South Carolina,2017,838,5024369,16.7
,South Carolina,2018,810,5084127,15.9
,South Carolina,2019,852,5148714,16.5
,South Carolina,2020,868,5218040,16.6
,South Dakota,1999,103,750412,13.7
,South Dakota,2000,95,754844,12.6
,South Dakota,2001,105,757972,13.9
,South Dakota,2002,94,760020,12.4
,South Dakota,2003,102,763729,13.4
,South Dakota,2004,111,770396,14.4
,South Dakota,2005,121,775493,15.6
,South Dakota,2006,125,783033,16
,South Dakota,2007,100,791623,12.6
,South Dakota,2008,123,799124,15.4
,South Dakota,2009,129,807067,16
,South Dakota,2010,140,814180,17.2
,South Dakota,2011,128,824082,15.5
,South Dakota,2012,141,833354,16.9
,South Dakota,2013,147,844877,17.4
,South Dakota,2014,141,853175,16.5
,South Dakota,2015,172,858469,20
,South Dakota,2016,163,865454,18.8
,South Dakota,2017,191,869666,22
,South Dakota,2018,167,882235,18.9
,South Dakota,2019,182,884659,20.6
,South Dakota,2020,186,892717,20.8
,Tennessee,1999,726,5638706,12.9
,Tennessee,2000,728,5689283,12.8
,Tennessee,2001,710,5750789,12.3
,Tennessee,2002,778,5795918,13.4
,Tennessee,2003,761,5847812,13
,Tennessee,2004,792,5910809,13.4
,Tennessee,2005,856,5991057,14.3
,Tennessee,2006,871,6088766,14.3
,Tennessee,2007,842,6175727,13.6
,Tennessee,2008,973,6247411,15.6
,Tennessee,2009,941,6306019,14.9
,Tennessee,2010,941,6346105,14.8
,Tennessee,2011,954,6403353,14.9
,Tennessee,2012,977,6456243,15.1
,Tennessee,2013,1028,6495978,15.8
,Tennessee,2014,996,6549352,15.2
,Tennessee,2015,1068,6600299,16.2
,Tennessee,2016,1108,6651194,16.7
,Tennessee,2017,1165,6715984,17.3
,Tennessee,2018,1161,6770010,17.1
,Tennessee,2019,1219,6829174,17.8
,Tennessee,2020,1219,6886834,17.7
,Texas,1999,2004,20558220,9.7
,Texas,2000,2048,20851820,9.8
,Texas,2001,2221,21319622,10.4
,Texas,2002,2307,21690325,10.6
,Texas,2003,2358,22030931,10.7
,Texas,2004,2293,22394023,10.2
,Texas,2005,2410,22778123,10.6
,Texas,2006,2344,23359580,10
,Texas,2007,2432,23831983,10.2
,Texas,2008,2547,24309039,10.5
,Texas,2009,2806,24801761,11.3
,Texas,2010,2886,25145561,11.5
,Texas,2011,2887,25674681,11.2
,Texas,2012,3029,26059203,11.6
,Texas,2013,3054,26448193,11.5
,Texas,2014,3248,26956958,12
,Texas,2015,3400,27469114,12.4
,Texas,2016,3477,27862596,12.5
,Texas,2017,3769,28304596,13.3
,Texas,2018,3928,28701845,13.7
,Texas,2019,3887,28995881,13.4
,Texas,2020,3920,29360759,13.4
,Utah,1999,281,2203482,12.8
,Utah,2000,298,2233169,13.3
,Utah,2001,319,2283715,14
,Utah,2002,340,2324815,14.6
,Utah,2003,336,2360137,14.2
,Utah,2004,376,2401580,15.7
,Utah,2005,344,2457719,14
,Utah,2006,362,2525507,14.3
,Utah,2007,378,2597746,14.6
,Utah,2008,390,2663029,14.6
,Utah,2009,448,2723421,16.4
,Utah,2010,471,2763885,17
,Utah,2011,500,2817222,17.7
,Utah,2012,549,2855287,19.2
,Utah,2013,579,2900872,20
,Utah,2014,559,2942902,19
,Utah,2015,629,2995919,21
,Utah,2016,619,3051217,20.3
,Utah,2017,663,3101833,21.4
,Utah,2018,664,3161105,21
,Utah,2019,653,3205958,20.4
,Utah,2020,650,3249879,20
,Vermont,1999,63,604683,10.4
,Vermont,2000,77,608827,12.6
,Vermont,2001,72,612223,11.8
,Vermont,2002,90,615442,14.6
,Vermont,2003,83,617858,13.4
,Vermont,2004,93,619920,15
,Vermont,2005,77,621215,12.4
,Vermont,2006,81,622892,13
,Vermont,2007,89,623481,14.3
,Vermont,2008,94,624151,15.1
,Vermont,2009,87,624817,13.9
,Vermont,2010,106,625741,16.9
,Vermont,2011,120,626431,19.2
,Vermont,2012,87,626011,13.9
,Vermont,2013,111,626630,17.7
,Vermont,2014,124,626562,19.8
,Vermont,2015,103,626042,16.5
,Vermont,2016,117,624594,18.7
,Vermont,2017,111,623657,17.8
,Vermont,2018,125,626299,20
,Vermont,2019,110,623989,17.6
,Vermont,2020,117,623347,18.8
,Virginia,1999,791,7000174,11.3
,Virginia,2000,768,7078515,10.8
,Virginia,2001,796,7198362,11.1
,Virginia,2002,799,7286873,11
,Virginia,2003,807,7366977,11
,Virginia,2004,828,7475575,11.1
,Virginia,2005,865,7577105,11.4
,Virginia,2006,874,7673725,11.4
,Virginia,2007,878,7751000,11.3
,Virginia,2008,947,7833496,12.1
,Virginia,2009,962,7925937,12.1
,Virginia,2010,961,8001024,12
,Virginia,2011,1053,8096604,13
,Virginia,2012,1062,8185867,13
,Virginia,2013,1068,8260405,12.9
,Virginia,2014,1121,8326289,13.5
,Virginia,2015,1116,8382993,13.3
,Virginia,2016,1163,8411808,13.8
,Virginia,2017,1176,8470020,13.9
,Virginia,2018,1242,8517685,14.6
,Virginia,2019,1139,8535519,13.3
,Virginia,2020,1201,8590563,14
,Washington,1999,815,5842564,13.9
,Washington,2000,726,5894121,12.3
,Washington,2001,711,5985722,11.9
,Washington,2002,811,6052349,13.4
,Washington,2003,801,6104115,13.1
,Washington,2004,829,6178645,13.4
,Washington,2005,820,6257305,13.1
,Washington,2006,808,6370753,12.7
,Washington,2007,862,6461587,13.3
,Washington,2008,885,6562231,13.5
,Washington,2009,919,6667426,13.8
,Washington,2010,955,6724540,14.2
,Washington,2011,1020,6830038,14.9
,Washington,2012,1038,6897012,15
,Washington,2013,1025,6971406,14.7
,Washington,2014,1114,7061530,15.8
,Washington,2015,1134,7170351,15.8
,Washington,2016,1134,7288000,15.6
,Washington,2017,1294,7405743,17.5
,Washington,2018,1251,7535591,16.6
,Washington,2019,1262,7614893,16.6
,Washington,2020,1212,7693612,15.8
,West Virginia,1999,229,1811799,12.6
,West Virginia,2000,244,1808344,13.5
,West Virginia,2001,282,1801481,15.7
,West Virginia,2002,276,1805414,15.3
,West Virginia,2003,266,1812295,14.7
,West Virginia,2004,285,1816438,15.7
,West Virginia,2005,254,1820492,14
,West Virginia,2006,265,1827912,14.5
,West Virginia,2007,300,1834052,16.4
,West Virginia,2008,261,1840310,14.2
,West Virginia,2009,251,1847775,13.6
,West Virginia,2010,279,1852994,15.1
,West Virginia,2011,306,1855364,16.5
,West Virginia,2012,326,1855413,17.6
,West Virginia,2013,323,1854304,17.4
,West Virginia,2014,359,1850326,19.4
,West Virginia,2015,340,1844128,18.4
,West Virginia,2016,361,1831102,19.7
,West Virginia,2017,392,1815857,21.6
,West Virginia,2018,395,1805832,21.9
,West Virginia,2019,330,1792147,18.4
,West Virginia,2020,354,1784787,19.8
,Wisconsin,1999,593,5332666,11.1
,Wisconsin,2000,590,5363675,11
,Wisconsin,2001,638,5406835,11.8
,Wisconsin,2002,624,5445162,11.5
,Wisconsin,2003,645,5479203,11.8
,Wisconsin,2004,662,5514026,12
,Wisconsin,2005,641,5546166,11.6
,Wisconsin,2006,667,5577655,12
,Wisconsin,2007,729,5610775,13
,Wisconsin,2008,740,5640996,13.1
,Wisconsin,2009,722,5669264,12.7
,Wisconsin,2010,790,5686986,13.9
,Wisconsin,2011,745,5711767,13
,Wisconsin,2012,723,5726398,12.6
,Wisconsin,2013,850,5742713,14.8
,Wisconsin,2014,767,5757564,13.3
,Wisconsin,2015,874,5771337,15.1
,Wisconsin,2016,865,5778708,15
,Wisconsin,2017,925,5795483,16
,Wisconsin,2018,887,5813568,15.3
,Wisconsin,2019,843,5822434,14.5
,Wisconsin,2020,866,5832655,14.8
,Wyoming,1999,98,491780,19.9
,Wyoming,2000,83,493782,16.8
,Wyoming,2001,83,494657,16.8
,Wyoming,2002,105,500017,21
,Wyoming,2003,109,503453,21.7
,Wyoming,2004,88,509106,17.3
,Wyoming,2005,90,514157,17.5
,Wyoming,2006,116,522667,22.2
,Wyoming,2007,101,534876,18.9
,Wyoming,2008,124,546043,22.7
,Wyoming,2009,111,559851,19.8
,Wyoming,2010,131,563626,23.2
,Wyoming,2011,131,568158,23.1
,Wyoming,2012,171,576412,29.7
,Wyoming,2013,129,582658,22.1
,Wyoming,2014,120,584153,20.5
,Wyoming,2015,157,586107,26.8
,Wyoming,2016,144,585501,24.6
,Wyoming,2017,157,579315,27.1
,Wyoming,2018,147,577737,25.4
,Wyoming,2019,170,578759,29.4
---,Wyoming,2020,182,582328,31.3